ID,Sequence,Resolution
2fb4H,EVQLVQSGGGVVQPGRSLRLSCSSSGFIFSS--YAMYWVRQAPGKGLEWVAIIWD--DGSDQHYADSVKGRFTISRNDSKNTLFLQMDSLRPEDTGVYFCARDGGHGFCSSASCFGP---DYWGQGTPVTVSS-QSVLTQPPS-ASGTPGQRVTISCSGTSSNIGS----STVNWYQQLPGMAPKLLIYRDAMRPSGVPDRFSGSKSGASASLAIGGLQSEDETDYYCAAWDVSLNA----YVFGTGTKVTV-L,1.9
3npsB,EVQLVQSGAEVKKPGSSVKVSCKASGGTFSS--YAISWVRQA-GQGLEWMGGIIP--IFGTANYAQKFQGRVTITADESTSTAYMELSSLRSEDTAVYYCARTFHIRRYRSGYYDKM---DHWGQGTLVTVSS---VLTQPPS-VSGAPGQRVTISCSGSSSNIGS----NYVSWYQQKPGTAPKLLIYDNNQRPSGVPDRFSGSKSGTSAVLAITGLQSEDEADYYCQSRDISQ------YVFGGGTKLTV-L,1.5
3g5yB,DVQLQESGPALVKPSQSLSLTCTVTGYSITSD-YAWNWIRQFPGNKLEWMGYIS---YSANTRYNPSLKSRISITRDTSKNQFFLQLNSVTVEDTATYYCATAGRGF-------------PYWGQGTLVTVSA-DILMTQSPVSMSLSLGDTVSITCHSSQDIS------SNIGWLQQAPGKSFKGLIYHGTNLEDGVPGRFSGSGSGADYSLTISSLSSEDFVDYYCVQYGQFP------WTFGGGTSLEI-K,1.59
1x9qA,-VKLDETGGGLVQPGGAMKLSCVTSGFTFGH--YWMNWVRQSPEKGLEWVAQFRNKPYNYETYYSDSVKGRFTISRDDSKSSVYLQMNNLRVEDTGIYYCTGASYGM-------------EYLGQGTSVTVS--DVVMTQTPLSLPVSLGDQASISCRSSQSLVHSNGN-TYLRWYLQKPGQSPKVLIYKVSNRVSGVPDRFSGSGSGTDFTLKINRVEAEDLGVYFCSQSTHVP------WTFGGGTKLE---,1.5
3mlrH,EVQLVESGGEVKQPGQSLKISCKSSGYNFLD--SWIGWVRQIPGKGLEWIGIIYP--DDSDAHYSPSFEGQVTMSVDKSISTAYLQWTTLQASDTGKYFCTRLYLFEGAQSSNAF-----DLWGQGTMILVSS-SYDLTQPPS-VSVSPGQTASISCSGDKLDD------KYVSWYYQRPGQSPVLLMYQDFKRPSGIPERLSGSKSGKTATLTISGTQSLDEGDYYCQAWDAST------GVSGGGTKLTV-L,1.8
1jfqH,-VQLQQSGVELVRAGSSVKMSCKASGYTFTS--NGINWVKQRPGQGLEWIGYNNP--GNGYITYNEKFKGKTTLTVDKSSNTAYMQLRSLTSEDSAVYFCARSEYYGGSYKF--------DYWGQGTTLTVSS-DIQMTQIPSSLSASLGDRVSISCRASQDIN------NFLNWYQQKPDGTIKLLIYFTSRSQSGVPSRFSGSGSGTDYSLTISNLEQEDIATYFCQQGNALP------RTFGGGTKLEI-K,1.9
2w60A,QIQLVQSGPELKKPGETVKISCKASGYTFTD--YSIHWVKQAPGKGLKWMGWINT--ETGEPTYTDDFKGRFAFSLESSASTAFLQINNLKNEDTATYFCARATTATEL-----------AYWGQGTLVTVSA-DVVMTQTPLTLSVTIGQPASISCKSSQSLLDSDGK-TYLNWLLQRPGQSPKRLIYLVSKLDSGVPDRFTGSGSGTDFTLKISRVEAEDLGVYYCWQGTHFP------LTFGAGTKLEL-K,1.5
2adfH,QIQLVQSGPELKKPGETVKISCKASGYTFIN--YGMNWVKQAPGKGLKWMGWKNT--NTGETTYGEEFRGRFAFSLETSVSTAYLQINNLKNEDTATYFCARDNPYYAL-----------DYWGQGTTVTVSS-DIQMTQSPSSLSASLGGKVTITCKASQDIN------KYIAWYQHKPGKGPRLLIHYTSTLQPGIPSRFSGSGSGRDYSFSISNLEPEDIATYYCLQYDNL-------RTFGGGTKLEI-K,1.9
1mlbB,QVQLQESGAEVMKPGASVKISCKATGYTFST--YWIEWVKQRPGHGLEWIGEILP--GSGSTYYNEKFKGKATFTADTSSNTAYMQLSSLTSEDSAVYYCARGDGNY-------------GYWGQGTTLTVSS-DIELTQSPATLSVTPGDSVSLSCRASQSIS------NNLHWYQQKSHESPRLLIKYVSQSSSGIPSRFSGSGSGTDFTLSINSVETEDFGMYFCQQSNSWP------RTFGGGTKLEI-K,2.1
3p0yH,EVQLVESGGGLVQPGGSLRLSCAASGFTLSG--DWIHWVRQAPGKGLEWLGEISA--AGGYTDYADSVKGRFTISADTSKNTAYLQMNSLRAEDTAVYYCARESRVSFEAAM--------DYWGQGTLVTVSS-DIQMTQSPSSLSASVGDRVTITCRASQDLA------TDVAWYQQKPGKAPKLLIYSASFLYSGVPSRFSGSGSGTDFTLTISSLQPEDFATYYCQQSEPEP------YTFGQGTKVEI-K,1.8
3e8uH,QIQLVQSGPELRKPGETVKISCKGSGYTFTH--YGINWVKQTPSKDLKWMGWINT--HTGEPIYADDFKGRFAFSLETSANTAYLQINNLNNGDMGTYFCTRSHRFGL------------DYWGQGTSVTVSS-DNVLTQSPPSLAVSLGQRATISCKASQSVDYNGD--SYLNWYQQKPGQPPKFLIYAASNLESGIPARFSGSGSGTDFNLNIHPVEEEDAATYYCQQSNEDP------FTFGSGTKLEI-K,2.1
3i9gH,EVQLVQSGAEVKKPGESLKISCQSFGYIFID--HTIHWMRQMPGQGLEWMGAISP--RHDITKYNEMFRGQVTISADKSSSTAYLQWSSLKASDTAMYFCARGGFYGSTIWF--------DFWGQGTMVTVSS-ETTVTQSPSFLSASVGDRVTITCITTTDID------DDMNWFQQEPGKAPKLLISEGNILRPGVPSRFSSSGYGTDFTLTISKLQPEDFATYYCLQSDNLP------FTFGQGTKLEI-K,1.9
3lmjH,QVQVVQSGAEVRKPGASVKVSCKVSGFTLTG--LSIHWVRQAPGKGLEWMGGFGP--EENEIIYAQKFQGRVSMTEDTSTNTAYMELSSLRSEDTAVYYCATGGNYYNLWTGYYPL----AYWGQGTLVTVSS-QSVLTQPPS-VSAAPGQKVTISCSGSSSNIGK----NYVSWYQQLPGAAPKLLIFDDTQRPSGIPDRFSGSKSGTSATLAITGLQTGDEADYYCGTWDSSLSTG---QLFGGGTKLTV-L,2.2
4nzuH,AVSLVESGGGTVEPGSTLRLSCAASGFTFGS--YAFHWVRQAPGDGLEWVAFISY--NGSSKYYASFVSGRFTISRDNSSNTLSLQMNSLKASDTAVYYCARAPDCADADCHKGAF----GYWGQGTLVTVSS-DIEMTQSPSSLSASTGDKVTITCQASQDIA------KFLDWYQQRPGKTPKLLIYDASNLAIGVPSRFTGSGSGTDFTFTISSLQPEDIAVYYCQHYDDFP------ISFGPGTKLET-K,1.2
2v17H,EVNLVESGGGLEQSGGSLSLSCAASGFTFTD--YYMSWVRQPPGKALEWLALIRNKAKGYTTEYSASVKGRFTISRDNSQSILYLQMNALRAEDSAIYYCARDNGAARATF---------AYWGQGTLVTVSA-DVQITQSPSYLAASPGETITINCRASKSIR------KFLAWYREKPGKTNKLLIYSGSTLQSGTPSRFSGSGSGTDFTLTISRLEPEDFAMYYCQQHNDYP------LTFGAGTKLEL-K,1.65
3iflH,QVTLKESGPGILKPSQTLSLTCSFSGFSLSTSGMSVGWIRQPS--GLEWLAHIW---WDDDKYYNPSLKSRLTISKDTSRNQVFLKITSVDTADTATYYCARRTTTADYF----------AYWGQGTTLTVSS-DVLMTQTPLSLPVSLGDQASISCRSSQSIVHSNGN-TYLEWYLQKPGQSPKLLIYKVSNRFSGVPDRFSGSGSGTDFTLKISRVEAEDLGIYYCFQSSHVP------LTFGAGTKLEL-K,1.5
3eo9H,EVQLVESGGGLVQPGGSLRLSCAASGYSFTG--HWMNWVRQAPGKGLEWVGMIHP--SDSETRYNQKFKDRFTISVDKSKNTLYLQMNSLRAEDTAVYYCARGIYFYGTTYF--------DYWGQGTLVTVSS-DIQMTQSPSSLSASVGDRVTITCRASKTIS------KYLAWYQQKPGKAPKLLIYSGSTLQSGVPSRFSGSGSGTDFTLTISSLQPEDFATYYCQQHNEYP------LTFGQGTKVEI-K,1.8
2fbjH,EVKLLESGGGLVQPGGSLKLSCAASGFDFSK--YWMSWVRQAPGKGLEWIGEIHP--DSGTINYTPSLKDKFIISRDNAKNSLYLQMSKVRSEDTALYYCARLHYYGYN-----------AYWGQGTLVTVSA-EIVLTQSPAITAASLGQKVTITCSASSSVS-------SLHWYQQKSGTSPKPWIYEISKLASGVPARFSGSGSGTSYSLTINTMEAEDAAIYYCQQWTYPL------ITFGAGTKLEL-K,1.95
1gigH,QVQLKESGPGLVAPSQSLSITCTVSGFLLIS--NGVHWVRQPPGKGLEWLGVIW---AGGNTNYNSALMSRVSISKDNSKSQVFLKMKSLQTDDTAMYYCARDFYDYDVFYYAM------DYWGQGTSVTVSS-QAVVTQESA-LTTSPGETVTLTCRSSTGAVTTS---NYANWVQEKPDHLFTGLIGGTNNRAPGVPARFSGSLIGDKAALTITGAQTEDEAIYFCALWYSNH------WVFGGGTKLTV-L,2.3
1jptH,EVQLVESGGGLVQPGGSLRLSCAASGFNIKE--YYMHWVRQAPGKGLEWVGLIDP--EQGNTIYDPKFQDRATISADNSKNTAYLQMNSLRAEDTAVYYCARDTAAYF------------DYWGQGTLVTVSS-DIQMTQSPSSLSASVGDRVTITCRASRDIK------SYLNWYQQKPGKAPKVLIYYATSLAEGVPSRFSGSGSGTDYTLTISSLQPEDFATYYCLQHGESP------WTFGQGTKVEI-K,1.85
1oaqH,EVQLQQSGAELVKPGASVKLSCKASGYTFTS--YWMHWVKQRPGRGLEWIGRIDP--NGGGTKYNEKFKSKATLTVDKPSSTAYMQLSSLTSEDSAVYYCARMWYYGTYYF---------DYWGQGTTLTVSS-QAVVTQESA-LTTSPGETVTLTCRSSTGAVTTS---NYANWVQEKPDHLFTGLIGGTNNRAPGVPARFSGSLIGNKAALTITGAQTEDEAIYFCALWYSNH------LVFGGGTKLTV-L,1.5
4h0hB,EIQLQQSGPELVKPGASVKISCKASGYSFTD--YIMLWVKQSHGKSLEWIGNINP--YYGSTSYNLKFKGKATLTVDKSSSTAYMQLNSLTSEDSAVYYCARKNYYGSSL----------DYWGQGTTLTVSS-DVVMTQTPFSLPVSLGDQASISCRSSQSLVHSNGN-TYLHWYLQKPGQSPKLLIYKVSNRFSGVPDRFSGSGSGTDFTLKISRVEAEDLGVYFCSQSTHVP------YTFGGGTKLEI-K,2.0
4f57H,EVQLVESGGGVVQPGGSLRLSCVASGFSFSD--FGMNWVRQAPGKGLEWVAFVPF--DRRINYYAESVRGRFTISRDDSKNTVFLQMDSLRPEDTAIYYCAKHRSQWNFWPREGGL----DHWGQGTLVTVSS-QSALTQPAS-VSGSPGQSITISCTGTSSDVGGY---NYVSWYRQHPGEAPKAIIFDVTNRPSGISNRFSGSKFGNTASLTISGLQAEDEADYYCAAYTVAST-----LLFGGGTKVTV-L,1.7
3hntH,EVQLQQSGTVLARPGTSVKMSCKASGYSFTN--YWMHWVKQRPGQGLEWIGSIYP--GNSDTNYKQKFKGKAKLTAVTSASTAYMEVNSLTNEDSAVYYCTRFGNYVPF-----------AYWGQGTLVTVSA-DIQMTQTTSSLSASLGDRVTIGCRASQDIG------SYLNWYQQKPDGAVRLLIYYTSRLHSGVPSRFSGSGSGTHFSLTISNLEQEDIGTYFCHQDTKPP------YTFGSGTKLEI-K,1.8
2r8sH,EVQLVESGGGLVQPGGSLRLSCAASGFNLYS--SSIHWVRQAPGKGLEWVAYISS--SYGYTYYADSVKGRFTISADTSKNTAYLQMNSLRAEDTAVYYCARRAAGMSTYGF--------DYWGQGTLVTVSS-DIQMTQSPSSLSASVGDRVTITCRASQSVS------SAVAWYQQKPGKAPKLLIYSASSLYSGVPSRFSGSRSGTDFTLTISSLQPEDFATYYCQQSYSSP------ITFGQGTKVEI-K,1.95
2vxvH,EVQLVQSGTEVKKPGESLKISCKGSGYTVTS--YWIGWVRQMPGKGLEWMGFIYP--GDSETRYSPTFQGQVTISADKSFNTAFLQWSSLKASDTAMYYCARVGSGWYPYTF--------DIWGQGTMVTVSS-EIVMTQSPATLSVSPGERATLSCRASESIS------SNLAWYQQKPGQAPRLFIYTASTRATDIPARFSGSGSGTEFTLTISSLQSEDFAVYYCQQYNNWPS-----ITFGQGTRLEI-K,1.49
3go1H,EVQLQESGPGLVKPSETLSLTCTVSGGPINN--AYWTWIRQPPGKGLEYLGYVY---HTGVTNYNPSLKSRLTITIDTSRKQLSLSLKFVTAADSAVYYCAREWAEDGDFGNAF------HVWGQGTMVAVSS-SYVLTQPPS-VSVSPGQTARITCSAEALSN------QYAYWYRQRPGQAPLLIIYKDTKRPSGIPERFSGSTSGTTVTLTISGVQAEDEADYYCQSADSSGD-----YVFGGGTKVTV-L,1.89
3hc4H,QVQLVQSGAEVKKPGESVKVSCKASGYTFTT--YYLHWVRQAPGQGLEWMGWIYP--GNGHAQYNEKFKGRVTITADKSTSTAYMELSSLRSEDTAVYYCARSWEGF-------------DYWGQGTTVTVSS-DIQMTQSPSSLSASVGDRVTITCKASQNVG------INVAWYQQKPGKAPKLLISSASYRYSGVPSRFSGSGSGTDFTLTISSLQPEDFATYFCQQYDTYP------FTFGQGTKVEI-K,1.62
3gnmH,AVQFLESGAELAKPGASVKMSCKASGYTFTT--YWMHWVKQRPGQGLEWIGFISP--NTDYTEYNQKFRDKATLTADKSSTTAYMQLSSLTSEDSAVYYCARSFIGYNF-----------DFWGQGTTLTVSS-EVLMTQTPLSLPVNLGDQASISCRSSQTIVYSNGN-TYLEWYLQKPGQSPKLLIYKVSNRFSGVPDRFSGSGSGTDFTLKISRVEADDLGVYYCFQGSHVP------FTFGSGTKLEI-K,2.1
1mqkH,EVKLQESGGDLVQPGGSLKLSCAASGFTFSS--YTMSWVRQTPEKRLEWVASINN--GGGRTYYPDTVKGRFTISRDNAKNTLYLQMSSLKSEDTAMYYCVRHEYYYAM-----------DYWGQGTTVTVSS-DIELTQTPVSLSASVGETVTITCRASENIY------SYLAWYQQKQGKSPQFLVYNAKTLGEGVPSRFSGSGSGTQFSLKINSLLPEDFGSYYCQHHYGTPP-----LTFGGGTKLEI-K,1.28
3umtA,QVQLQQSGLELVKPGASVKISCKTSGYTFTE--YTMHWVKQSHGKSLEWIGGINP--NNGGTSYNQKFKGKAILTVDKSSSTAYLELRSLTSEDSAVYYCARDDRYPAWF----------AYWGQGTTVTVS--DIQLTQSPSSLSASLGERVSITCRASQDIG------SNLNWLQQKPDGTIKRLIYATSSLDSGVPKRFSGSRSGSDYSLTISSLESEDFVDYYCLQYASSP------PTFGGGTKLEI-K,1.798
3t65B,EVKLVESGGGLVQSGGSLRLSCATSGFTFTD--YYMSWVRQPPGKALEWLGFIRNKANGYTTEYSPSVKGRFTISRDNSQSILYLQMNTLRAEDSATYYCARDHDGYYERF---------SYWGQGTLVTVSA-DIVMSQSPSSLAVSAGEKVTMSCKSSQSLLNSRTRKNYLAWYQQKPGQSPKLLIYWASTRESGVPDRFTGSGSGTDFTLTITSVQAEDLAVYYCKQSYNL-------RTFGGGTKLEI-K,1.45
3m8oH,EVQLVESGGGLVQPGGSLKLSCAASGFTLSG--SNVHWVRQASGKGLEWVGRIKRNAESDATAYAASMRGRLTISRDDSKNTAFLQMNSLKSDDTAMYYCVIRGDVYN------------RQWGQGTLVTVSS-DIVMTQSPLSLSVTPGEPASISCRSSQSLLRRDGH-NDLEWYLQKPGQSPQPLIYLGSTRASGVPDRFSGSGSGTDFTLKIIRVEAEDAGTYYCMQNKQTP------LTFGQGTRLEI-K,1.55
2e27H,QVQLLESGAELARPGASVKLSCKASGYTFTT--YWMQWVRQRPGQGLEWIGAIYP--GNGDTRYSQKFKGKATLTADTSSSTASMQLSSLASEDSAVYYCARSDYGG-------------DYWGQGTSVTVSS--IQMTQSPSSLSASLGGKVTITCKANQDIK------KKIAWYQHKPGKGPRLLIYYTSTLKSGISSRFSGSGSGRDYSFSISNLEPEDAATYYCLQYDNFT------WTFGGGTKLEI-K,1.7
1nlbH,QIQLVQSGPELKKPGETVKISCKASGYTFTD--FSMHWVNQAPGKGLNWMGWVNT--ETGEPTYADDFKGRFAFSLETSASTAYLQINSLKNEDTATYFCARFLLRQYF-----------DVWGAGTTVTVSS-DIVMSQSPSSLAVSAGEKVTMSCKSSQSLLNSRTRKNYLAWYQQKPGQSPKVLIYWASTRESGVPDRFTGRGSGTDFTLTISSVQAEDQAVYYCKQAYIPP------LTFGAGTKLEL-K,1.6
1seqH,EVKLVESGGGLVQPGGSLKLSCAASGFTFST--YTMSWARQTPEKKLEWVAYISK--GGGSTYYPDTVKGRFTISRDNAKNTLYLQMSSLKSEDTALYYCARGAMFGNDFKYPM------DRWGQGTSVTVSS-DIVLTQSPAIMSASLGSSVTLTCSASSSVS-------YMHWYQQKSGTSPVLLIYTTSNLASGVPSRFSGSGSGTFYSLTISSVEASDAADYYCHQWSSYP------WTFGGGTKLEI-K,1.78
2xwtA,EVQLVQSGAEVKKPGQSLKISCKASGYSLTD--NWIGWVRQKPGKGLEWMGIIYP--GDSDTRYSPSFQGQVTISADKSINTAYLQWSSLKASDTAIYYCVGLDWNYNPL----------RYWGPGTLVTVSS--SVLTQPPS-VSAAPGQKVTISCSGSSSDIGS----NYVSWYQQFPGTAPKLLIYDNNKRPSAIPDRFSGSKSGTSATLGITGLQTGDEADYYCGTWDSRLGI----AVFGGGTQLTV-L,1.9
4hpyH,-VQLVESGGGLVQPGRSLRLSCAASGFTFDD--GAMHWVRQAPGKGLEWVSGISW--NSNIIAYADSVKGRFTISRDNAKNSLYLEMNSLRVEDTALYYCAKDSPRGELPL---------NYWGQGTLVTVSS-SYELTQPPS-VSVSPGQTARITCSGDALPK------NYAYWYQQKSGQAPVLVIYEDSKRPSGIPERFSGSSSGTMATLTISGAQVEDEADYYCYSTDSSGNH----RVFGGGTKLTV-L,1.5
1mfaH,EVQVQQSGTVVARPGASVKMSCKASGYTFTN--YWMHWIKQRPGQGLEWIGAIYP--GNSATFYNHKFRAKTKLTAVTSTTTAYMELSSLTSEDSAVYYCTRGGHGYYG-----------DYWGQGASLTVS--QIVVTQESA-LTTSPGETVTLTCRSSTGTVTSG---NHANWVQEKPDHLFTGLIGDTNNRAPGVPARFSGSLIGDKAALTITGAQPEDEAIYFCALWSNNH------WIFGGGTKLTV-L,1.7
4h20H,EVQLQQSGPVLVKPGASVKMSCKASGYTFTD--YYVNWVKQSRGKSLEWLGLIIP--SNGGTTYNQKFRGKATLTVDKSSSTAYMELNSLTSEDSAVYYCARRGLTGALF----------AYWGQGTLVTVSA-DIVMTQSHKFMSTSVGDRVSITCKASQDVT------SAVAWFQQKPGQSPKLLIYSASYRYTGVPDRFTGSGSGTDFTFTISSVQAEDLAVYYCQQHYGTP------LTFGAGTKLEL-K,1.9
3lizH,EVQLVESGGGLVQPGGSLKLSCAASGFTFSS--FAMSWGRQTPDKRLELVATINS--NGASTYYPDTVKGRFTISRDNAKNTLFLQMSSLKSEDTAMYYCTRDPAGRAWF----------AYWGQGTLVTVSA-QIVLTQSPSSMYASLGERVTITCKASQDIN------NYLSWFQQKPGKSPKTLIYRADRLVDGVPSRVSGSGSGQDYSLTISSLEYEDLGIYYCLQYDELP------YTFGGGTKLEI-K,1.8
2d7tH,QVQLVQSGAEVKKPGASVKVSCKASGYTFTG--NYMHWVRQAPGQGLEYMGWINP--KSGDTNYAQKFQGRVTMTRDTSISTVYMEVRRLRSDDTAVYYCATGWWGM-------------DVWGQGTLVTVSS-DIVMTQSPSSLSASVGDRVTITCRASQNIN------NYLHWYQHEPGKAPKLLIYAASNLQGGVTSRFSGSGSGTDFTLTISTLQPEDFATYYCLQTHAYP------LTFGGGTKVDI-K,1.7
1fnsH,QVQLKESGPGLVAPSQSLSITCTVSGFSLTD--YGVDWVRQPPGKGLEWLGMIW---GDGSTDYNSALKSRLSITKDNSKSQVFLKMNSLQTDDTARYYCVRDPADYGNYDYAL------DYWGQGTSVTVSS-DIQMTQSPSSLSASLGDRVTISCSASQDIN------KYLNWYQQKPDGAVKLLIFYTSSLHSGVPSRFSGSGSGTDYSLTISNLEPEDIATYYCQQYEKLP------WTFGGGTKLEV-K,2.0
1dlfH,EVKLEESGGGLVQPGGSMKLSCATSGFTFSD--AWMDWVRQSPEKGLEWVAEIRNKANNHATYYAESVKGRFTISRDDSKRRVYLQMNTLRAEDTGIYYCTGIYYHYPWF----------AYWGQGTLVTVS--DVVMTQTPLSLPVSLGNQASISCRSSQSLVHSNGN-TYLHWYLQKPGQSPKLLIYKVSNRFSGVPDRFSGSGSGTDFTLKISRVEAEDLGVYFCSQSTHVP------FTFGSGTKLEI-K,1.45
3mxwH,QVQLQQSGPELVRPGVSVKISCKGSGYTFID--EALHWVKQSHAESLEWIGVIRP--YSGETNYNQKFKDKATMTVDISSSTAYLELARLTSEDSAIYYCARDWERGDFF----------DYWGQGTLVTVSS-DIVMTQTPKFLLVSAGDKVTITCKASQSVS------NDLTWYQQKPGQSPKLLIYYASNRYTGVPDRFTGSGYGTDFTFTISTVQAEDLAVYFCQQDYGSP------PTFGGGTKVEI-K,1.83
3v0wH,EVKLVESGGGLVQPGGSLSLSCAASGFTFSD--YYMTWVRQAPGKAPEWLALIRNKRNGDTAEYSASVKGRFTISRDYSRSILHLQMNALRTEDSATYYCVRQGRGYTL-----------DYWGQGTSVTVSS-DIQMNQSPSSLSASLGDTISITCRASQNIN------IWLSWYQQKPGNVPKLLIYKASNLHTGVPSRFSGSGSGTDFTLIISSLQPEDIATYYCLQGQSYP------RTFGGGTKLEI-K,1.73
2ypvH,QVQLQESGPELVKPGASVKISCKASGYSFSD--YNMSWVKQSNGKSLEWIGIIDP--KYGTINYNQKFKGKATLTVDQASSTAYMQLNSLTSEDSAVYYCVRDYYGSSYF----------DYWGQGTTLTVSS-DIVLTQSPSSIYASLGERVTLTCKASQDIH------NYLNWFQQKPGKSPKTLIYRANRLVDGVPSRFSGGGSGQDYSLTISSLEFEDIGIYYCLQYDEFP------PTFGGGTRLEI-K,1.8
3oz9H,QVQLQQSGTELMKPGSSVKISCKATGYRFSS--YWVEWVKQRPGHGLEWIGKILP--GIGSTSYNEKFKGKATFTADTSSNTAYMQLSSLTSEDSAVYYCARGYYGPTWF----------AYWGQGTLVTVSS-QIVLTQSPVIMSASLGEEITLTCSASSSVS-------YMHWYQQKSGTSPKLLIYSTSNLASGVPSRFSGSGSGTFYSLTISSVEAEDAADYYCHQWSGF-------YTFGGGTKLEI-Q,1.6
